"Sample Date","Location History ID","Bloom Status"
"2023-09-01","0704CAN0286_3605","confirmed"
"2020-09-08","0704CAN0286_3615","confirmed"
"2023-09-17","0704CAN0286_3605","confirmed"
"2023-09-29","0704CAN0286_3603","confirmed"
"2023-09-21","0704CAN0286_3603","confirmed"
"2023-10-03","0704CAN0286_3604","confirmed"
"2022-10-06","0704CAN0286_3605","confirmed"
"2023-10-03","0704CAN0286_3603","confirmed"
"2024-08-26","0704CAN0286_3603","confirmed"
"2023-10-03","0704CAN0286_3605","confirmed"
"2024-08-30","0704CAN0286_3603","confirmed"
"2023-09-06","0704CAN0286_3605","confirmed"
"2019-09-03","0704CAN0286_3604","confirmed_with_high_toxins"
"2024-09-03","0704CAN0286_3603","confirmed"
"2020-09-25","0704CAN0286_3605","confirmed"
"2024-09-13","0704CAN0286_3603","confirmed"
"2023-09-20","0704CAN0286_3605","confirmed"
"2021-10-06","0704CAN0286_3604","confirmed"
"2020-09-21","0704CAN0286_3605","confirmed"
"2023-09-06","0704CAN0286_3603","confirmed"
"2024-07-23","0704CAN0286_3604","confirmed"
"2021-08-25","0704CAN0286_3605","confirmed"
"2024-09-20","0704CAN0286_3603","confirmed"
"2020-09-15","0704CAN0286_3605","confirmed"
"2018-08-19","0704CAN0286_3616","confirmed_with_high_toxins"
"2020-09-08","0704CAN0286_3605","confirmed"
"2024-09-18","0704CAN0286_3603","confirmed"
"2025-09-23","0704CAN0286_3603","confirmed"
"2020-10-09","0704CAN0286_3605","confirmed"
"2023-09-06","0704CAN0286_3626","confirmed"
"2021-10-14","0704CAN0286_3603","confirmed"
"2024-08-27","0704CAN0286_3626","confirmed"
"2024-08-30","0704CAN0286_3626","confirmed"
"2024-09-19","0704CAN0286_3626","confirmed"
"2024-09-26","0704CAN0286_3626","confirmed"
"2025-09-23","0704CAN0286_3626","confirmed"
"2019-09-03","0704CAN0286_3627","confirmed_with_high_toxins"
"2021-10-06","0704CAN0286_3603","confirmed"
"2025-10-02","0704CAN0286_3603","confirmed"
"2022-09-17","0704CAN0286_3605","confirmed"
"2022-09-30","0704CAN0286_3605","confirmed"
"2023-10-02","0704CAN0286_3616","confirmed"
"2024-09-04","0704CAN0286_3616","confirmed"
"2024-09-20","0704CAN0286_3616","confirmed"
"2018-09-04","0704CAN0286_3617","confirmed_with_high_toxins"
"2024-07-29","0704CAN0286_3615","confirmed"
"2019-09-03","0704CAN0286_3617","confirmed_with_high_toxins"
"2022-09-09","0704CAN0286_3605","confirmed"
"2021-10-05","0704CAN0286_3617","confirmed"
"2021-10-06","0704CAN0286_3617","confirmed"
"2023-09-06","0704CAN0286_3617","confirmed"
"2023-09-25","0704CAN0286_3617","confirmed"
"2020-08-12","0704CAN0286_3627","confirmed"
"2020-08-16","0704CAN0286_3627","confirmed"
"2020-09-08","0704CAN0286_3617","confirmed"
"2024-08-29","0704CAN0286_3627","confirmed"
"2024-09-04","0704CAN0286_3627","confirmed"
"2024-09-17","0704CAN0286_3627","confirmed"
"2024-09-27","0704CAN0286_3627","confirmed"
"2019-09-18","0704CAN0286_3628","confirmed_with_high_toxins"
"2021-10-06","0704CAN0286_3628","confirmed"
"2018-09-23","0704CAN0286_3618","confirmed_with_high_toxins"
"2020-08-12","0704CAN0286_3618","confirmed"
"2020-09-08","0704CAN0286_3618","confirmed"
"2020-09-22","0704CAN0286_3618","confirmed"
"2021-09-29","0704CAN0286_3618","confirmed"
"2021-10-04","0704CAN0286_3618","confirmed"
"2023-09-07","0704CAN0286_3603","confirmed"
"2022-09-17","0704CAN0286_3618","confirmed"
"2023-09-06","0704CAN0286_3618","confirmed"
"2023-09-25","0704CAN0286_3618","confirmed"
"2023-09-26","0704CAN0286_3618","confirmed"
"2023-10-02","0704CAN0286_3618","confirmed"
"2019-09-03","0704CAN0286_3619","confirmed_with_high_toxins"
"2023-10-02","0704CAN0286_3620","confirmed"
"2024-07-30","0704CAN0286_3620","confirmed"
"2024-08-26","0704CAN0286_3620","confirmed"
"2024-09-03","0704CAN0286_3620","confirmed"
"2024-07-30","0704CAN0286_3604","confirmed"
"2024-08-27","0704CAN0286_3604","confirmed"
"2024-09-12","0704CAN0286_3604","confirmed"
"2025-10-04","0704CAN0286_3604","confirmed"
"2020-09-08","0704CAN0286_3627","confirmed"
"2024-08-25","0704CAN0286_3627","confirmed"
"2018-09-23","0704CAN0286_3605","confirmed_with_high_toxins"
"2019-09-10","0704CAN0286_3605","confirmed_with_high_toxins"
"2019-10-28","0704CAN0286_3605","confirmed_with_high_toxins"
"2020-07-23","0704CAN0286_3605","confirmed"
"2024-08-24","0704CAN0286_3604","confirmed"
"2020-08-03","0704CAN0286_3605","confirmed"
"2020-08-23","0704CAN0286_3605","confirmed"
"2020-09-06","0704CAN0286_3605","confirmed"
"2023-09-06","0704CAN0286_3606","confirmed"
"2023-09-21","0704CAN0286_3606","confirmed"
"2023-10-02","0704CAN0286_3606","confirmed"
"2023-10-04","0704CAN0286_3606","confirmed"
"2023-10-24","0704CAN0286_3606","confirmed"
"2024-08-25","0704CAN0286_3604","confirmed"
"2024-07-23","0704CAN0286_3606","confirmed"
"2024-07-27","0704CAN0286_3606","confirmed"
"2024-07-29","0704CAN0286_3606","confirmed"
"2024-07-30","0704CAN0286_3606","confirmed"
"2024-08-15","0704CAN0286_3606","confirmed"
"2024-08-25","0704CAN0286_3606","confirmed"
"2024-09-20","0704CAN0286_3606","confirmed"
"2024-09-23","0704CAN0286_3606","confirmed"
"2024-09-26","0704CAN0286_3606","confirmed"
"2024-10-03","0704CAN0286_3606","confirmed"
"2024-10-18","0704CAN0286_3606","confirmed"
"2024-10-19","0704CAN0286_3606","confirmed"
"2024-10-21","0704CAN0286_3606","confirmed"
"2024-10-22","0704CAN0286_3606","confirmed"
"2024-10-25","0704CAN0286_3606","confirmed"
"2024-10-27","0704CAN0286_3606","confirmed"
"2024-10-28","0704CAN0286_3606","confirmed"
"2024-11-02","0704CAN0286_3606","confirmed"
"2024-11-03","0704CAN0286_3606","confirmed"
"2025-09-12","0704CAN0286_3606","confirmed"
"2025-09-14","0704CAN0286_3606","confirmed"
"2025-09-23","0704CAN0286_3606","confirmed"
"2022-09-17","0704CAN0286_3628","confirmed"
"2023-09-21","0704CAN0286_3628","confirmed"
"2024-08-27","0704CAN0286_3628","confirmed"
"2024-09-03","0704CAN0286_3628","confirmed"
"2024-09-13","0704CAN0286_3628","confirmed"
"2022-09-09","0704CAN0286_3630","confirmed"
"2020-07-31","0704CAN0286_3631","confirmed"
"2020-09-06","0704CAN0286_3631","confirmed"
"2020-09-08","0704CAN0286_3631","confirmed"
"2021-08-20","0704CAN0286_3632","confirmed"
"2021-10-07","0704CAN0286_3632","confirmed"
"2023-09-06","0704CAN0286_3632","confirmed"
"2024-07-23","0704CAN0286_3632","confirmed"
"2024-08-24","0704CAN0286_3632","confirmed"
"2024-08-26","0704CAN0286_3632","confirmed"
"2024-09-11","0704CAN0286_3632","confirmed"
"2024-09-18","0704CAN0286_3632","confirmed"
"2020-08-08","0704CAN0286_3633","confirmed"
"2020-08-23","0704CAN0286_3633","confirmed"
"2020-09-25","0704CAN0286_3633","confirmed"
"2021-06-29","0704CAN0286_3633","confirmed"
"2023-10-04","0704CAN0286_3605","confirmed"
"2023-10-26","0704CAN0286_3605","confirmed"
"2023-10-03","0704CAN0286_3602","confirmed"
"2024-07-22","0704CAN0286_3605","confirmed"
"2024-07-23","0704CAN0286_3605","confirmed"
"2024-07-29","0704CAN0286_3605","confirmed"
"2024-08-02","0704CAN0286_3605","confirmed"
"2024-08-26","0704CAN0286_3606","confirmed"
"2024-09-05","0704CAN0286_3606","confirmed"
"2024-09-10","0704CAN0286_3606","confirmed"
"2024-09-11","0704CAN0286_3606","confirmed"
"2024-09-19","0704CAN0286_3606","confirmed"
"2018-09-04","0704CAN0286_3618","confirmed_with_high_toxins"
"2024-09-03","0704CAN0286_3605","confirmed"
"2024-09-13","0704CAN0286_3605","confirmed"
"2024-09-17","0704CAN0286_3605","confirmed"
"2024-09-19","0704CAN0286_3605","confirmed"
"2024-10-22","0704CAN0286_3605","confirmed"
"2024-10-28","0704CAN0286_3605","confirmed"
"2025-08-12","0704CAN0286_3605","confirmed"
"2025-09-10","0704CAN0286_3605","confirmed"
"2025-09-14","0704CAN0286_3605","confirmed"
"2025-09-27","0704CAN0286_3605","confirmed"
"2025-09-29","0704CAN0286_3605","confirmed"
"2025-10-04","0704CAN0286_3605","confirmed"
"2018-09-09","0704CAN0286_3606","confirmed_with_high_toxins"
"2019-08-13","0704CAN0286_3606","confirmed"
"2019-08-20","0704CAN0286_3606","confirmed_with_high_toxins"
"2019-09-03","0704CAN0286_3606","confirmed_with_high_toxins"
"2021-10-05","0704CAN0286_3618","confirmed"
"2020-08-03","0704CAN0286_3606","confirmed"
"2020-08-10","0704CAN0286_3606","confirmed"
"2020-08-23","0704CAN0286_3606","confirmed"
"2020-09-06","0704CAN0286_3606","confirmed"
"2020-09-08","0704CAN0286_3606","confirmed"
"2020-09-21","0704CAN0286_3606","confirmed"
"2020-09-25","0704CAN0286_3606","confirmed"
"2024-09-13","0704CAN0286_3618","confirmed"
"2025-09-23","0704CAN0286_3618","confirmed"
"2020-10-09","0704CAN0286_3606","confirmed"
"2021-08-21","0704CAN0286_3606","confirmed"
"2021-08-25","0704CAN0286_3606","confirmed"
"2024-09-11","0704CAN0286_3620","confirmed"
"2024-09-20","0704CAN0286_3620","confirmed"
"2025-09-26","0704CAN0286_3620","confirmed"
"2020-08-10","0704CAN0286_3621","confirmed"
"2018-08-16","0704CAN0286_3605","confirmed"
"2018-09-04","0704CAN0286_3605","confirmed_with_high_toxins"
"2024-09-19","0704CAN0286_3621","confirmed"
"2020-08-09","0704CAN0286_3622","confirmed"
"2020-09-08","0704CAN0286_3622","confirmed"
"2020-09-12","0704CAN0286_3622","confirmed"
"2022-09-30","0704CAN0286_3606","confirmed"
"2022-10-06","0704CAN0286_3606","confirmed"
"2023-09-01","0704CAN0286_3606","confirmed"
"2020-09-08","0704CAN0286_3614","confirmed"
"2020-09-25","0704CAN0286_3614","confirmed"
"2025-09-23","0704CAN0286_3614","confirmed"
"2018-09-04","0704CAN0286_3615","confirmed_with_high_toxins"
"2018-09-18","0704CAN0286_3615","confirmed_with_high_toxins"
"2019-08-19","0704CAN0286_3615","confirmed_with_high_toxins"
"2018-08-27","0704CAN0286_3601","confirmed_with_high_toxins"
"2018-09-12","0704CAN0286_3601","confirmed_with_high_toxins"
"2019-08-20","0704CAN0286_3601","confirmed_with_high_toxins"
"2018-09-06","0704CAN0286_3616","confirmed_with_high_toxins"
"2019-09-16","0704CAN0286_3616","confirmed_with_high_toxins"
"2020-08-08","0704CAN0286_3616","confirmed"
"2020-08-15","0704CAN0286_3616","confirmed"
"2021-07-01","0704CAN0286_3616","confirmed"
"2021-09-19","0704CAN0286_3616","confirmed"
"2021-10-04","0704CAN0286_3616","confirmed"
"2019-08-20","0704CAN0286_3602","confirmed_with_high_toxins"
"2019-09-21","0704CAN0286_3602","confirmed_with_high_toxins"
"2020-09-06","0704CAN0286_3602","confirmed"
"2020-09-08","0704CAN0286_3602","confirmed"
"2021-08-20","0704CAN0286_3602","confirmed"
"2020-09-06","0704CAN0286_3633","confirmed"
"2021-10-04","0704CAN0286_3602","confirmed"
"2021-10-06","0704CAN0286_3602","confirmed"
"2022-09-18","0704CAN0286_3602","confirmed"
"2023-09-06","0704CAN0286_3602","confirmed"
"2024-06-20","0704CAN0286_3617","confirmed"
"2024-09-11","0704CAN0286_3617","confirmed"
"2024-09-13","0704CAN0286_3617","confirmed"
"2024-09-14","0704CAN0286_3617","confirmed"
"2024-09-19","0704CAN0286_3617","confirmed"
"2025-10-14","0704CAN0286_3617","confirmed"
"2018-09-04","0704CAN0286_3603","confirmed_with_high_toxins"
"2024-09-10","0704CAN0286_3605","confirmed"
"2019-08-20","0704CAN0286_3603","confirmed_with_high_toxins"
"2019-09-03","0704CAN0286_3603","confirmed_with_high_toxins"
"2020-09-08","0704CAN0286_3603","confirmed"
"2021-10-06","0704CAN0286_3606","confirmed"
"2023-09-06","0704CAN0286_3621","confirmed"
"2023-10-02","0704CAN0286_3621","confirmed"
"2024-07-29","0704CAN0286_3621","confirmed"
"2024-09-04","0704CAN0286_3621","confirmed"
"2021-10-14","0704CAN0286_3606","confirmed"
"2022-09-09","0704CAN0286_3606","confirmed"
"2022-09-17","0704CAN0286_3606","confirmed"
"2022-09-24","0704CAN0286_3606","confirmed"
"2021-08-26","0704CAN0286_3605","confirmed"
"2021-09-19","0704CAN0286_3605","confirmed"
"2021-09-25","0704CAN0286_3605","confirmed"
"2021-10-06","0704CAN0286_3605","confirmed"
"2021-10-07","0704CAN0286_3605","confirmed"
"2021-10-08","0704CAN0286_3605","confirmed"
"2021-10-14","0704CAN0286_3605","confirmed"
"2022-08-19","0704CAN0286_3605","confirmed"
"2024-09-14","0704CAN0286_3630","confirmed"
"2022-09-07","0704CAN0286_3605","confirmed"
"2024-08-15","0704CAN0286_3605","confirmed"
"2024-08-23","0704CAN0286_3605","confirmed"
"2024-08-24","0704CAN0286_3605","confirmed"
"2024-08-26","0704CAN0286_3605","confirmed"
"2021-10-07","0704CAN0286_3606","confirmed"
"2025-10-06","0704CAN0286_3606","confirmed"
"2025-10-17","0704CAN0286_3606","confirmed"
"2025-11-02","0704CAN0286_3606","confirmed"
"2020-09-08","0704CAN0286_3607","confirmed"
"2020-09-21","0704CAN0286_3607","confirmed"
"2020-09-27","0704CAN0286_3607","confirmed"
"2021-09-19","0704CAN0286_3607","confirmed"
"2023-10-04","0704CAN0286_3607","confirmed"
"2024-09-11","0704CAN0286_3607","confirmed"
"2024-09-12","0704CAN0286_3607","confirmed"
"2025-09-16","0704CAN0286_3607","confirmed"
"2018-09-16","0704CAN0286_3608","confirmed_with_high_toxins"
"2020-09-08","0704CAN0286_3608","confirmed"
"2021-09-19","0704CAN0286_3608","confirmed"
"2021-10-06","0704CAN0286_3608","confirmed"
"2022-09-17","0704CAN0286_3608","confirmed"
"2022-09-24","0704CAN0286_3608","confirmed"
"2023-09-06","0704CAN0286_3608","confirmed"
"2023-10-01","0704CAN0286_3608","confirmed"
"2023-10-02","0704CAN0286_3608","confirmed"
"2024-07-30","0704CAN0286_3608","confirmed"
"2024-08-24","0704CAN0286_3608","confirmed"
"2024-08-25","0704CAN0286_3608","confirmed"
"2024-08-26","0704CAN0286_3608","confirmed"
"2024-08-27","0704CAN0286_3608","confirmed"
"2024-08-29","0704CAN0286_3608","confirmed"
"2024-09-11","0704CAN0286_3608","confirmed"
"2024-09-12","0704CAN0286_3608","confirmed"
"2024-09-13","0704CAN0286_3608","confirmed"
"2024-09-14","0704CAN0286_3608","confirmed"
"2024-09-15","0704CAN0286_3608","confirmed"
"2024-09-16","0704CAN0286_3608","confirmed"
"2024-09-17","0704CAN0286_3608","confirmed"
"2024-09-18","0704CAN0286_3608","confirmed"
"2024-09-19","0704CAN0286_3608","confirmed"
"2024-09-20","0704CAN0286_3608","confirmed"
"2024-09-21","0704CAN0286_3608","confirmed"
"2025-09-16","0704CAN0286_3608","confirmed"
"2025-09-27","0704CAN0286_3608","confirmed"
"2025-10-02","0704CAN0286_3608","confirmed"
"2018-09-16","0704CAN0286_3609","confirmed_with_high_toxins"
"2019-09-03","0704CAN0286_3609","confirmed_with_high_toxins"
"2020-08-10","0704CAN0286_3609","confirmed"
"2020-09-22","0704CAN0286_3609","confirmed"
"2021-10-08","0704CAN0286_3609","confirmed"
"2021-10-14","0704CAN0286_3609","confirmed"
"2023-09-07","0704CAN0286_3609","confirmed"
"2023-09-20","0704CAN0286_3609","confirmed"
"2023-10-02","0704CAN0286_3609","confirmed"
"2023-10-03","0704CAN0286_3609","confirmed"
"2020-09-08","0704CAN0286_3613","confirmed"
"2021-10-06","0704CAN0286_3613","confirmed"
"2023-10-02","0704CAN0286_3613","confirmed"
"2025-09-16","0704CAN0286_3613","confirmed"
"2025-09-25","0704CAN0286_3613","confirmed"
"2018-09-04","0704CAN0286_3614","confirmed_with_high_toxins"
"2019-09-16","0704CAN0286_3614","confirmed_with_high_toxins"
"2020-09-08","0704CAN0286_3601","confirmed"
"2023-10-02","0704CAN0286_3601","confirmed"
"2024-08-16","0704CAN0286_3601","confirmed"
"2024-09-11","0704CAN0286_3601","confirmed"
"2024-09-19","0704CAN0286_3601","confirmed"
"2024-09-20","0704CAN0286_3601","confirmed"
"2024-10-22","0704CAN0286_3601","confirmed"
"2025-10-04","0704CAN0286_3601","confirmed"
"2018-09-12","0704CAN0286_3602","confirmed_with_high_toxins"
"2024-08-24","0704CAN0286_3602","confirmed"
"2024-08-26","0704CAN0286_3602","confirmed"
"2024-09-03","0704CAN0286_3602","confirmed"
"2024-09-10","0704CAN0286_3602","confirmed"
"2024-09-14","0704CAN0286_3602","confirmed"
"2024-11-03","0704CAN0286_3602","confirmed"
"2023-10-02","0704CAN0286_3622","confirmed"
"2021-10-06","0704CAN0286_3624","confirmed"
"2024-09-03","0704CAN0286_3625","confirmed"
"2019-09-03","0704CAN0286_3626","confirmed"
"2019-09-30","0704CAN0286_3626","confirmed_with_high_toxins"
"2020-08-03","0704CAN0286_3626","confirmed"
"2020-09-08","0704CAN0286_3626","confirmed"
"2021-08-21","0704CAN0286_3626","confirmed"
"2021-10-05","0704CAN0286_3626","confirmed"
"2022-09-17","0704CAN0286_3626","confirmed"
"2021-08-26","0704CAN0286_3633","confirmed"
"2021-10-07","0704CAN0286_3633","confirmed"
"2020-08-06","0704CAN0286_3634","confirmed"
"2020-09-08","0704CAN0286_3634","confirmed"
"2020-09-25","0704CAN0286_3634","confirmed"
"2023-09-06","0704CAN0286_3634","confirmed"
"2023-09-21","0704CAN0286_3634","confirmed"
"2023-10-02","0704CAN0286_3634","confirmed"
"2024-07-29","0704CAN0286_3634","confirmed"
"2024-08-26","0704CAN0286_3634","confirmed"
"2024-09-05","0704CAN0286_3634","confirmed"
"2024-09-10","0704CAN0286_3634","confirmed"
"2024-09-13","0704CAN0286_3634","confirmed"
"2025-09-23","0704CAN0286_3634","confirmed"
"2025-10-03","0704CAN0286_3634","confirmed"
"2020-09-08","0704CAN0286_3635","confirmed"
"2020-09-25","0704CAN0286_3635","confirmed"
"2023-09-06","0704CAN0286_3635","confirmed"
"2023-09-17","0704CAN0286_3635","confirmed"
"2023-10-02","0704CAN0286_3635","confirmed"
"2023-10-03","0704CAN0286_3635","confirmed"
"2024-08-27","0704CAN0286_3635","confirmed"
"2024-09-03","0704CAN0286_3635","confirmed"
"2024-09-10","0704CAN0286_3635","confirmed"
"2024-09-11","0704CAN0286_3635","confirmed"
"2024-09-13","0704CAN0286_3635","confirmed"
"2024-09-20","0704CAN0286_3635","confirmed"
"2025-09-14","0704CAN0286_3635","confirmed"
"2025-09-23","0704CAN0286_3635","confirmed"
"2021-10-06","0704CAN0286_3636","confirmed"
"2023-09-06","0704CAN0286_3636","confirmed"
"2023-10-03","0704CAN0286_3636","confirmed"
"2024-08-24","0704CAN0286_3636","confirmed"
"2024-09-04","0704CAN0286_3636","confirmed"
"2024-09-12","0704CAN0286_3636","confirmed"
"2024-09-13","0704CAN0286_3636","confirmed"
"2024-09-15","0704CAN0286_3636","confirmed"
"2024-09-17","0704CAN0286_3636","confirmed"
"2024-09-18","0704CAN0286_3636","confirmed"
"2024-11-03","0704CAN0286_3636","confirmed"
"2021-09-23","0704CAN0286_3638","confirmed"
"2022-09-09","0704CAN0286_3638","confirmed"
"2022-09-10","0704CAN0286_3638","confirmed"
"2024-08-24","0704CAN0286_3638","confirmed"
"2024-09-05","0704CAN0286_3638","confirmed"
"2024-09-15","0704CAN0286_3638","confirmed"
"2024-09-21","0704CAN0286_3638","confirmed"
"2024-09-17","0704CAN0286_3639","confirmed"
"2020-09-08","0704CAN0286_3641","confirmed"
"2021-10-06","0704CAN0286_3642","confirmed"
"2020-09-14","0704CAN0286_3643","confirmed"
"2023-09-23","0704CAN0286_3643","confirmed"
"2024-09-30","0704CAN0286_3643","confirmed"
"2023-09-20","0704CAN0286_3644","confirmed"
"2020-08-12","0704CAN0286_3645","confirmed"
"2021-10-05","0704CAN0286_3646","confirmed"
"2023-09-06","0704CAN0286_3646","confirmed"
"2024-08-29","0704CAN0286_3646","confirmed"
"2024-09-03","0704CAN0286_3646","confirmed"
"2024-09-10","0704CAN0286_3646","confirmed"
"2024-09-13","0704CAN0286_3646","confirmed"
"2024-09-14","0704CAN0286_3646","confirmed"
"2024-09-16","0704CAN0286_3646","confirmed"
"2024-09-20","0704CAN0286_3646","confirmed"
"2025-07-28","0704CAN0286_3646","confirmed"
"2020-09-08","0704CAN0286_3647","confirmed"
"2021-08-15","0704CAN0286_3648","confirmed"
"2021-08-20","0704CAN0286_3648","confirmed"
"2023-09-06","0704CAN0286_3648","confirmed"
"2023-09-21","0704CAN0286_3648","confirmed"
"2024-08-24","0704CAN0286_3648","confirmed"
"2024-08-26","0704CAN0286_3648","confirmed"
"2024-09-03","0704CAN0286_3648","confirmed"
"2024-09-10","0704CAN0286_3648","confirmed"
"2024-09-11","0704CAN0286_3648","confirmed"
"2024-09-12","0704CAN0286_3648","confirmed"
"2024-09-13","0704CAN0286_3648","confirmed"
"2024-09-15","0704CAN0286_3648","confirmed"
"2024-09-20","0704CAN0286_3648","confirmed"
"2021-10-06","0704CAN0286_3649","confirmed"
"2021-08-25","0704CAN0286_3608","confirmed"
"2024-08-15","0704CAN0286_3609","confirmed"
"2024-08-23","0704CAN0286_3609","confirmed"
"2024-09-04","0704CAN0286_3609","confirmed"
"2024-09-10","0704CAN0286_3609","confirmed"
"2024-09-16","0704CAN0286_3609","confirmed"
"2024-10-04","0704CAN0286_3609","confirmed"
"2025-09-09","0704CAN0286_3609","confirmed"
"2025-09-14","0704CAN0286_3609","confirmed"
"2025-09-23","0704CAN0286_3636","confirmed"
"2025-10-04","0704CAN0286_3636","confirmed"
"2021-10-07","0704CAN0286_3637","confirmed"
"2020-08-15","0704CAN0286_3638","confirmed"
"2020-09-22","0704CAN0286_3611","confirmed"
"2018-09-12","0704CAN0286_3613","confirmed_with_high_toxins"
"2021-08-20","0704CAN0286_3670","confirmed"
"2023-09-21","0704CAN0286_3670","confirmed"
"2023-10-02","0704CAN0286_3670","confirmed"
"2023-10-03","0704CAN0286_3670","confirmed"
"2024-08-26","0704CAN0286_3670","confirmed"
"2024-09-03","0704CAN0286_3670","confirmed"
"2024-09-14","0704CAN0286_3670","confirmed"
"2025-10-04","0704CAN0286_3670","confirmed"
"2024-09-14","0704CAN0286_3671","confirmed"
"2024-09-21","0704CAN0286_3671","confirmed"
"2024-09-12","0704CAN0286_3674","confirmed"
"2025-09-26","0704CAN0286_3674","confirmed"
"2024-08-25","0704CAN0286_3675","confirmed"
"2025-10-05","0704CAN0286_3676","confirmed"
"2024-10-22","0704CAN0286_3678","confirmed"
"2024-08-30","0704CAN0286_3679","confirmed"
"2025-09-27","0704CAN0286_3679","confirmed"
"2024-07-30","0704CAN0286_3681","confirmed"
"2024-08-30","0704CAN0286_3681","confirmed"
"2024-09-04","0704CAN0286_3681","confirmed"
"2024-09-11","0704CAN0286_3681","confirmed"
"2024-09-13","0704CAN0286_3681","confirmed"
"2024-09-18","0704CAN0286_3681","confirmed"
"2024-07-26","0704CAN0286_3682","confirmed"
"2024-08-14","0704CAN0286_3682","confirmed"
"2024-08-24","0704CAN0286_3682","confirmed"
"2024-09-12","0704CAN0286_3683","confirmed"
"2024-09-19","0704CAN0286_3683","confirmed"
"2025-09-23","0704CAN0286_3684","confirmed"
"2025-08-31","0704CAN0286_3685","confirmed"
"2015-09-08","0704CAN0286_C","confirmed_with_high_toxins"
"2015-09-24","0704CAN0286_C","confirmed_with_high_toxins"
"2016-09-07","0704CAN0286_C","confirmed"
"2017-09-18","0704CAN0286_C","confirmed_with_high_toxins"
"2017-09-25","0704CAN0286_C","confirmed_with_high_toxins"
"2018-09-04","0704CAN0286_C","confirmed_with_high_toxins"
"2018-09-11","0704CAN0286_C","confirmed_with_high_toxins"
"2020-07-20","0704CAN0286_C","confirmed"
"2020-07-23","0704CAN0286_C","confirmed"
"2020-08-07","0704CAN0286_C","confirmed"
"2020-08-17","0704CAN0286_C","confirmed"
"2020-09-08","0704CAN0286_C","confirmed"
"2021-07-01","0704CAN0286_C","confirmed"
"2021-08-20","0704CAN0286_C","confirmed"
"2021-08-28","0704CAN0286_C","confirmed"
"2021-09-13","0704CAN0286_C","confirmed"
"2021-09-19","0704CAN0286_C","confirmed"
"2022-08-19","0704CAN0286_C","confirmed"
"2023-08-21","0704CAN0286_C","confirmed"
"2023-09-30","0704CAN0286_C","confirmed"
"2023-10-02","0704CAN0286_C","confirmed"
"2023-10-03","0704CAN0286_C","confirmed"
"2024-07-23","0704CAN0286_C","confirmed"
"2024-07-27","0704CAN0286_C","confirmed"
"2024-07-30","0704CAN0286_C","confirmed"
"2024-08-02","0704CAN0286_C","confirmed"
"2024-08-24","0704CAN0286_C","confirmed"
"2024-08-26","0704CAN0286_C","confirmed"
"2024-08-27","0704CAN0286_C","confirmed"
"2024-08-29","0704CAN0286_C","confirmed"
"2024-09-03","0704CAN0286_C","confirmed"
"2024-09-11","0704CAN0286_C","confirmed"
"2024-09-14","0704CAN0286_C","confirmed"
"2024-09-15","0704CAN0286_C","confirmed"
"2024-10-22","0704CAN0286_C","confirmed"
"2024-10-31","0704CAN0286_C","confirmed"
"2022-09-09","0704CAN0286_3649","confirmed"
"2023-10-02","0704CAN0286_3649","confirmed"
"2024-07-22","0704CAN0286_3649","confirmed"
"2024-07-29","0704CAN0286_3649","confirmed"
"2024-07-30","0704CAN0286_3649","confirmed"
"2024-08-24","0704CAN0286_3649","confirmed"
"2024-08-25","0704CAN0286_3649","confirmed"
"2024-08-29","0704CAN0286_3649","confirmed"
"2024-09-01","0704CAN0286_3649","confirmed"
"2024-09-04","0704CAN0286_3649","confirmed"
"2024-09-13","0704CAN0286_3649","confirmed"
"2024-09-14","0704CAN0286_3649","confirmed"
"2024-09-15","0704CAN0286_3649","confirmed"
"2024-09-16","0704CAN0286_3649","confirmed"
"2024-09-27","0704CAN0286_3649","confirmed"
"2025-07-28","0704CAN0286_3649","confirmed"
"2025-09-17","0704CAN0286_3649","confirmed"
"2025-09-24","0704CAN0286_3649","confirmed"
"2025-10-02","0704CAN0286_3649","confirmed"
"2024-09-11","0704CAN0286_3650","confirmed"
"2024-09-15","0704CAN0286_3650","confirmed"
"2024-11-03","0704CAN0286_3650","confirmed"
"2025-09-16","0704CAN0286_3650","confirmed"
"2025-09-23","0704CAN0286_3650","confirmed"
"2025-10-02","0704CAN0286_3650","confirmed"
"2024-08-24","0704CAN0286_3651","confirmed"
"2024-08-25","0704CAN0286_3651","confirmed"
"2024-08-26","0704CAN0286_3651","confirmed"
"2024-09-04","0704CAN0286_3651","confirmed"
"2024-09-13","0704CAN0286_3651","confirmed"
"2024-09-16","0704CAN0286_3651","confirmed"
"2023-10-02","0704CAN0286_3652","confirmed"
"2024-08-25","0704CAN0286_3652","confirmed"
"2024-09-03","0704CAN0286_3652","confirmed"
"2024-09-17","0704CAN0286_3652","confirmed"
"2024-10-28","0704CAN0286_3652","confirmed"
"2025-09-16","0704CAN0286_3652","confirmed"
"2025-09-24","0704CAN0286_3652","confirmed"
"2025-09-29","0704CAN0286_3652","confirmed"
"2021-08-21","0704CAN0286_3654","confirmed"
"2021-10-14","0704CAN0286_3654","confirmed"
"2022-09-09","0704CAN0286_3654","confirmed"
"2022-09-24","0704CAN0286_3654","confirmed"
"2024-07-27","0704CAN0286_3654","confirmed"
"2024-07-30","0704CAN0286_3654","confirmed"
"2024-08-25","0704CAN0286_3654","confirmed"
"2024-08-26","0704CAN0286_3654","confirmed"
"2024-08-29","0704CAN0286_3654","confirmed"
"2024-09-11","0704CAN0286_3654","confirmed"
"2024-09-16","0704CAN0286_3654","confirmed"
"2024-09-20","0704CAN0286_3654","confirmed"
"2024-10-17","0704CAN0286_3654","confirmed"
"2024-11-09","0704CAN0286_3654","confirmed"
"2025-09-27","0704CAN0286_3654","confirmed"
"2025-10-04","0704CAN0286_3654","confirmed"
"2021-08-21","0704CAN0286_3655","confirmed"
"2021-09-19","0704CAN0286_3655","confirmed"
"2022-08-19","0704CAN0286_3655","confirmed"
"2023-09-06","0704CAN0286_3655","confirmed"
"2023-10-02","0704CAN0286_3655","confirmed"
"2023-10-03","0704CAN0286_3655","confirmed"
"2024-08-26","0704CAN0286_3655","confirmed"
"2024-09-04","0704CAN0286_3655","confirmed"
"2024-09-12","0704CAN0286_3655","confirmed"
"2024-09-15","0704CAN0286_3655","confirmed"
"2024-09-21","0704CAN0286_3655","confirmed"
"2024-10-21","0704CAN0286_3655","confirmed"
"2024-11-03","0704CAN0286_3655","confirmed"
"2024-11-09","0704CAN0286_3655","confirmed"
"2024-11-17","0704CAN0286_3655","confirmed"
"2022-09-24","0704CAN0286_3656","confirmed"
"2025-09-14","0704CAN0286_3657","confirmed"
"2025-10-04","0704CAN0286_3657","confirmed"
"2021-10-10","0704CAN0286_3658","confirmed"
"2021-10-14","0704CAN0286_3658","confirmed"
"2023-09-06","0704CAN0286_3658","confirmed"
"2024-08-24","0704CAN0286_3658","confirmed"
"2024-09-04","0704CAN0286_3658","confirmed"
"2025-09-27","0704CAN0286_3658","confirmed"
"2025-11-02","0704CAN0286_3658","confirmed"
"2025-09-14","0704CAN0286_3659","confirmed"
"2021-10-06","0704CAN0286_3660","confirmed"
"2023-10-03","0704CAN0286_3662","confirmed"
"2021-10-06","0704CAN0286_3663","confirmed"
"2021-09-16","0704CAN0286_3665","confirmed"
"2025-09-30","0704CAN0286_3609","confirmed"
"2018-09-04","0704CAN0286_3611","confirmed_with_high_toxins"
"2022-08-16","0704CAN0286_3668","confirmed"
"2022-10-05","0704CAN0286_3668","confirmed"
"2023-10-01","0704CAN0286_3668","confirmed"
"2023-10-05","0704CAN0286_3668","confirmed"
"2024-09-10","0704CAN0286_3668","confirmed"
"2024-09-12","0704CAN0286_3668","confirmed"
"2024-09-20","0704CAN0286_3668","confirmed"
"2024-09-30","0704CAN0286_3668","confirmed"
"2025-09-16","0704CAN0286_3668","confirmed"
"2025-09-23","0704CAN0286_3668","confirmed"
"2025-09-25","0704CAN0286_3669","confirmed"
"2021-09-19","0704CAN0286_CSL1","confirmed"
"2021-10-06","0704CAN0286_CSL1","confirmed"
"2021-10-07","0704CAN0286_CSL1","confirmed"
"2022-09-09","0704CAN0286_CSL1","confirmed"
"2022-09-17","0704CAN0286_CSL1","confirmed"
"2022-09-30","0704CAN0286_CSL1","confirmed"
"2023-09-05","0704CAN0286_CSL1","confirmed"
"2023-10-02","0704CAN0286_CSL1","confirmed"
"2023-10-03","0704CAN0286_CSL1","confirmed"
"2024-07-27","0704CAN0286_CSL1","confirmed"
"2024-07-29","0704CAN0286_CSL1","confirmed"
"2024-07-30","0704CAN0286_CSL1","confirmed"
"2024-08-03","0704CAN0286_CSL1","confirmed"
"2024-08-24","0704CAN0286_CSL1","confirmed"
"2024-08-26","0704CAN0286_CSL1","confirmed"
"2024-09-11","0704CAN0286_CSL1","confirmed"
"2024-09-13","0704CAN0286_CSL1","confirmed"
"2024-09-14","0704CAN0286_CSL1","confirmed"
"2024-09-15","0704CAN0286_CSL1","confirmed"
"2024-10-22","0704CAN0286_CSL1","confirmed"
"2025-09-23","0704CAN0286_CSL1","confirmed"
"2021-09-18","0704CAN0286_3665","confirmed"
"2021-08-22","0704CAN0286_3668","confirmed"
"2021-09-19","0704CAN0286_3668","confirmed"
"2021-10-01","0704CAN0286_3668","confirmed"
"2021-10-06","0704CAN0286_CSL2","confirmed"
"2022-09-17","0704CAN0286_CSL2","confirmed"
"2023-10-02","0704CAN0286_CSL2","confirmed"
"2023-10-04","0704CAN0286_CSL2","confirmed"
"2024-09-19","0704CAN0286_3657","confirmed"
"2024-10-28","0704CAN0286_3657","confirmed"
"2021-10-06","0704CAN0286_3662","confirmed"
"2024-07-29","0704CAN0286_3665","confirmed"
"2024-08-26","0704CAN0286_3665","confirmed"
"2024-09-14","0704CAN0286_3665","confirmed"
"2024-09-20","0704CAN0286_3665","confirmed"
"2025-09-23","0704CAN0286_3665","confirmed"
"2021-08-20","0704CAN0286_3668","confirmed"
"2025-10-05","0704CAN0286_3685","confirmed"
"2024-07-23","0704CAN0286_3686","confirmed"
"2024-08-15","0704CAN0286_3686","confirmed"
"2024-08-25","0704CAN0286_3686","confirmed"
"2024-08-26","0704CAN0286_3686","confirmed"
"2024-10-28","0704CAN0286_3686","confirmed"
"2025-09-16","0704CAN0286_3686","confirmed"
"2025-09-23","0704CAN0286_3686","confirmed"
"2025-10-02","0704CAN0286_3686","confirmed"
"2024-07-30","0704CAN0286_3688","confirmed"
"2024-09-22","0704CAN0286_3688","confirmed"
"2024-10-18","0704CAN0286_3688","confirmed"
"2025-09-23","0704CAN0286_3690","confirmed"
"2025-09-23","0704CAN0286_3695","confirmed"
"2020-09-08","0704CAN0286_BEACH_1","confirmed"
"2021-08-26","0704CAN0286_BEACH_2","confirmed"
"2024-07-23","0704CAN0286_BEACH_2","confirmed"
"2024-07-30","0704CAN0286_BEACH_2","confirmed"
"2020-08-13","0704CAN0286_BEACH_3","confirmed"
"2021-08-23","0704CAN0286_BEACH_3","confirmed"
"2024-07-29","0704CAN0286_BEACH_3","confirmed"
"2024-08-29","0704CAN0286_BEACH_5","confirmed"
"2015-09-01","0704CAN0286_C","confirmed_with_high_toxins"
"2020-08-12","0704CAN0286_C","confirmed"
"2020-08-13","0704CAN0286_C","confirmed"
"2024-08-24","0704CAN0286_CSL2","confirmed"
"2025-10-04","0704CAN0286_CSL2","confirmed"